Paper title,Year,Venue or preprint status,Link,Code / project page if available,Core problem,Input assumptions,Representation used,Whether it uses 3DGS / 2DGS / surface Gaussians / SDF / mesh / neural field / hybrid representation,Whether it handles specular reflection,Whether it handles mirror-like reflection,Whether it handles near-field reflection,Whether it handles inter-reflection,Whether it outputs mesh,Whether it outputs UV texture maps,Whether it outputs PBR material maps,Whether it supports relighting,Whether it supports material editing,Geometry supervision,Normal estimation strategy,Material decomposition strategy,Rendering model,Main loss functions,Datasets,Metrics,Strengths,Limitations explicitly stated by the authors,Limitations inferred by you,Key evidence: section / page / figure / equation reference
2D Gaussian Splatting for Geometrically Accurate Radiance Fields,2024,SIGGRAPH / TOG,https://arxiv.org/abs/2403.17888,https://surfsplatting.github.io/,Surface-accurate radiance fields and mesh extraction.,Posed RGB; SfM initialization.,Oriented 2D Gaussian disks.,2DGS / surface Gaussians,View-dependent color only,No,No,No,"Yes, via depth fusion",No,No,No,No,RGB plus depth distortion and normal consistency.,Disk normals with depth-normal consistency.,None,Perspective-correct 2D Gaussian alpha compositing.,"RGB, depth distortion, normal consistency.","DTU, Tanks and Temples, Mip-NeRF360.",PSNR/SSIM/LPIPS and/or geometry metrics,Turns volumetric splats into surface-like primitives.,Motivated by 3DGS surface inaccuracy.,Specular highlights can still be absorbed into color and bias surface depth.,Local PDF abstract; Sec. 3 losses.
3D Gaussian Splatting with Self-Constrained Priors for High Fidelity Surface Reconstruction,2025,arXiv preprint,local PDF,,Improve 3DGS surface quality.,Posed RGB.,3DGS with self-constrained geometry priors.,3DGS,No,No,No,No,Yes,No,No,No,No,Self constraints from rendered geometry.,Gaussian/depth normals.,None,Differentiable image rendering,RGB plus self-constrained geometry regularizers.,Paper-specific benchmarks,PSNR/SSIM/LPIPS and/or geometry metrics,Reduces geometry noise without extra sensors.,See paper limitation/discussion where available,Reflective surfaces remain underconstrained because reflection transport is not modeled.,Local PDF abstract/Sec. 1.
3DGSR: Implicit Surface Reconstruction with 3D Gaussian Splatting,2024,arXiv / ACM-linked,https://arxiv.org/abs/2404.00409,https://github.com/CVMI-Lab/3DGSR,Joint 3DGS rendering and SDF surface reconstruction.,Posed RGB.,3D Gaussians plus neural SDF.,Hybrid 3DGS + SDF,No,No,No,No,"Yes, SDF mesh",No,No,No,No,SDF-to-opacity and Gaussian/SDF consistency.,SDF gradients aligned with rendered Gaussian normals.,None,Gaussian rasterization plus SDF-derived opacity.,"RGB, Eikonal/SDF, depth and normal consistency.",Paper-specific benchmarks,PSNR/SSIM/LPIPS and/or geometry metrics,SDF improves coherent surface extraction.,See paper limitation/discussion where available,Specular radiance is still baked unless reflection/material factors are explicit.,Local PDF abstract; Sec. 3.
Toward a Theory of Shape from Specular Flow,2007,Vision theory paper,local PDF,,Theoretical relation between specular flow and shape.,Known motion/environment assumptions.,Differential specular geometry.,Classical geometry,Yes,Yes,Under assumptions,No,No,No,No,No,No,Specular-flow constraints.,Differential surface constraints from reflection flow.,None,Analytic mirror reflection geometry.,Specular-flow equations.,Synthetic/theoretical examples.,Qualitative/theoretical identifiability.,Shows reflections contain shape information.,Requires strong assumptions on environment/motion.,Hard to use directly for uncontrolled posed RGB captures.,Local PDF Sec. theory pages.
Specular Flow and the Recovery of Surface Structure,2006,ECCV/IJCV-era vision paper,local PDF,,Recover shape from specular image motion.,Smooth specular surface and motion cues.,Specular-flow field.,Classical geometry,Yes,Yes,Under assumptions,No,No,No,No,No,No,Specular-flow observations.,Normals from flow constraints.,None,Geometric reflection model.,Flow consistency.,Paper-specific benchmarks,PSNR/SSIM/LPIPS and/or geometry metrics,Foundational specular shape prior.,Strong calibration/environment assumptions.,Does not provide mesh/material pipeline for sparse multiview RGB.,Local PDF abstract; Sec. 2-4.
Deep Flow Rendering: View Synthesis via Layer-aware Reflection Flow,2022,Eurographics Symposium on Rendering,local PDF,,View synthesis with reflection layers.,Input views with reflection layers.,Neural image-based rendering with reflection flow.,Neural image-based hybrid,Yes,Partial,Implicit,No,No,No,No,No,No,Photometric multiview supervision,Not central or derived from geometry,None,Layer-aware neural rendering.,Photometric and flow/rendering losses.,Paper-specific benchmarks,PSNR/SSIM/LPIPS and/or geometry metrics,Models reflection motion better than single radiance field.,NVS rather than reconstruction.,"No mesh, UV, or PBR material recovery.",Local PDF abstract.
DN-Splatter: Depth and Normal Priors for Gaussian Splatting and Meshing,2025,WACV,https://arxiv.org/abs/2403.17822,https://maturk.github.io/dn-splatter/,Regularize GS geometry and meshing with priors.,Posed RGB plus depth/normal priors.,3DGS with external priors.,3DGS,No,No,No,No,Yes,No,No,No,No,Monocular/depth priors and adaptive depth supervision.,Monocular normal priors and local smoothness.,None,Differentiable image rendering,"RGB, depth, normal, smoothness losses.",Indoor reconstruction datasets.,PSNR/SSIM/LPIPS and/or geometry metrics,Helpful for weak geometric signal.,Prior quality matters.,Reflective surfaces may violate learned monocular priors.,Local PDF abstract; WACV abstract.
EnvGS: Modeling View-Dependent Appearance with Environment Gaussian,2025,arXiv preprint,local PDF,,Model view-dependent appearance in GS.,Posed RGB static scenes.,3DGS plus environment Gaussian appearance.,3DGS + appearance field,"Yes, appearance-level",Partial,No,No,No,No,No,No,No,Photometric multiview supervision,Not central or derived from geometry,"Appearance factorization, not physical material.",Gaussian rasterization with environment appearance.,RGB reconstruction plus regularization,Paper-specific benchmarks,PSNR/SSIM/LPIPS and/or geometry metrics,Efficient view-dependent rendering.,See paper limitation/discussion where available,Near-field reflected objects and PBR maps are not explicit.,Local PDF abstract/Sec. 3.
SSR-GS: Separating Specular Reflection in Gaussian Splatting for Glossy Surface Reconstruction,2026,arXiv preprint,https://arxiv.org/abs/2603.05152,project linked from arXiv,Separate direct and indirect specular reflection for glossy reconstruction.,Posed RGB; visual geometry priors.,3DGS plus mip-cubemap and anisotropic SG.,3DGS + reflection model,Yes,Glossy partial,Approximate,Indirect specular component,Likely surface/depth,No,No,No,No,Visual geometry priors and reflection-score weighting.,Prior-transformed normal constraints.,Direct/indirect specular separation.,Gaussian rasterization plus cubemap/SG reflection.,"RGB, reflection-score weighted geometry, depth, normal.",Paper-specific benchmarks,PSNR/SSIM/LPIPS and/or geometry metrics,Explicit reflective-region treatment.,Preprint; prior dependent.,No UV-ready PBR asset; priors can bias unusual reflections.,Local PDF; arXiv abstract.
Gaussian Opacity Fields: Efficient and Compact Surface Reconstruction in Unbounded Scenes,2024,arXiv / CVPR-related,https://arxiv.org/abs/2404.10772,,Extract surfaces from Gaussian opacity fields.,Trained/optimized 3DGS.,Gaussian opacity field and marching tetrahedra.,3DGS / opacity field / mesh,No,No,No,No,Yes,No,No,No,No,Opacity and geometry regularization.,Ray-Gaussian intersection-plane normals.,None,Ray-tracing/opacity level-set extraction.,RGB reconstruction plus regularization,Paper-specific benchmarks,PSNR/SSIM/LPIPS and/or geometry metrics,Avoids Poisson/TSDF dependence.,See paper limitation/discussion where available,Reflective radiance can create opacity artifacts.,Local PDF abstract.
Geometry Field Splatting with Gaussian Surfels,2025,CVPR,https://openaccess.thecvf.com/content/CVPR2025/html/Jiang_Geometry_Field_Splatting_with_Gaussian_Surfels_CVPR_2025_paper.html,,Surface reconstruction with Gaussian surfels.,Posed RGB; opaque-surface assumption.,Gaussian surfels and geometry field.,Surface Gaussians / surfels,Targets specular via reflection-vector latent representation,No,No,No,Yes,No,No,No,No,RGB plus geometric consistency.,Surfel normals and depth-normal consistency.,None,Surfel splatting with continuous color.,"RGB, depth distortion, depth-normal consistency.",DTU and surface benchmarks.,PSNR/SSIM/LPIPS and/or geometry metrics,Strong surface representation.,Assumes opaque surfaces; transparent/fuzzy objects limited.,Mirror-like radiance violates opaque local-surface color assumptions.,Local PDF; CVF abstract and limitation discussion.
GeoSplatting: Towards Geometry Guided Gaussian Splatting for Physically-based Inverse Rendering,2025,ICCV,https://arxiv.org/abs/2410.24204,https://pku-vcl-geometry.github.io/GeoSplatting/,Geometry-guided GS inverse rendering.,Posed RGB and optimizable mesh.,Mesh-grounded 3DGS with BRDF and lighting.,Hybrid mesh + 3DGS,Yes,No mirror-specific,Occlusion-aware only,Partial indirect/occlusion,Yes/guided mesh,No,BRDF/material attributes,Yes,Yes,Opaque mesh surface and ray-tracing guidance.,Mesh normals replace noisy Gaussian normals.,BRDF/environment decomposition.,Differentiable PBR with mesh-based ray tracing.,"RGB, BRDF, normal, light, smoothness.",Paper-specific benchmarks,PSNR/SSIM/LPIPS and/or geometry metrics,Directly addresses normal and occlusion weakness.,Depends on mesh quality and opaque surface.,Hard mirror/near-field reflections need explicit reflection-field constraints.,Local PDF abstract; project page.
GlossyGS: Inverse Rendering of Glossy Objects with 3D Gaussian Splatting,2024,arXiv preprint,https://arxiv.org/abs/2410.13349,,Geometry/material reconstruction for glossy objects.,Posed glossy object captures.,Hybrid explicit/implicit GS with material priors.,3DGS / hybrid,Yes,Glossy partial,No explicit,No explicit,Geometry output likely,No,Material attributes,Yes,Potential,Material priors and microfacet segmentation prior.,Normal-map prefiltering and GS normals.,Microfacet/material priors.,3DGS inverse rendering.,"RGB, material prior, normal/geometric regularizers.",Paper-specific benchmarks,PSNR/SSIM/LPIPS and/or geometry metrics,Directly targets glossy inverse rendering.,Prior-dependent ambiguity reduction.,No near-field/inter-reflection or UV-ready asset guarantee.,Local PDF abstract; arXiv abstract.
GS-2DGS: Geometrically Supervised 2DGS for Reflective Object Reconstruction,2025,arXiv preprint,local PDF,,Reflective object reconstruction using supervised 2DGS geometry.,Posed RGB plus geometry supervision/priors.,2DGS with geometric supervision.,2DGS / surface Gaussians,Yes,Partial,No explicit,No explicit,Yes,No,No,No,No,External or inferred geometric supervision.,2D disk normals with depth/normal losses.,None,2DGS rasterization.,"RGB, geometry, normal/depth losses.",Paper-specific benchmarks,PSNR/SSIM/LPIPS and/or geometry metrics,Combines reflective target with surface primitive.,Requires reliable geometric supervision.,PBR/UV mapping and near-field reflection remain open.,Local PDF title/abstract.
GS-2M: Gaussian Splatting for Joint Mesh Reconstruction and Material Decomposition,2026,CGF / Eurographics-related preprint,https://arxiv.org/abs/2509.22276,,Joint mesh reconstruction and material decomposition.,Posed RGB object/scene captures.,3DGS with material-aware mesh reconstruction.,3DGS + mesh + material,Yes,Glossy partial,No explicit,No explicit,Yes,Unclear,Material attributes/maps,Potential,Potential,Material-aware geometry constraints.,Surface/Gaussian normals.,Roughness/albedo/material optimization.,Gaussian rendering with material model.,"RGB, material, geometry, smoothness.",Paper-specific benchmarks,PSNR/SSIM/LPIPS and/or geometry metrics,Very close to desired joint mesh+material route.,Roughness supervision is indirect.,Near-field/mirror inter-reflection and explicit UV output remain uncertain.,Local PDF; arXiv abstract.
GS2Mesh: Surface Reconstruction from Gaussian Splatting via Novel Stereo Views,2024,ECCV,https://arxiv.org/abs/2404.01810,https://gs2mesh.github.io/,Recover mesh from 3DGS-rendered stereo.,Trained 3DGS and pretrained stereo depth.,3DGS plus stereo depth and TSDF.,3DGS + external stereo + mesh,No,No,No,No,Yes,No,No,No,No,Stereo depth from novel rendered pairs.,Normals from fused depth/mesh.,None,"Render stereo pairs, estimate depth, TSDF fuse.",No direct material loss; stereo/depth fusion.,"DTU, Tanks and Temples, in-the-wild.",PSNR/SSIM/LPIPS and/or geometry metrics,Avoids direct noisy Gaussian geometry.,Inherits stereo-model bias.,Specular correspondence violates stereo assumptions.,Local PDF; project abstract.
PolGS: Polarimetric Gaussian Splatting for Fast Reflective Surface Reconstruction,2025,ICCV / arXiv,https://arxiv.org/abs/2509.19726,,Reflective surface reconstruction with polarization.,Multi-view polarized images and poses.,3DGS with polarimetric constraints.,3DGS + polarization,Yes,Reflective partial,No,No,Surface/depth likely,No,No,No,No,Polarization image formation and multiview constraints.,Polarization-derived normals with ambiguity handling.,"Diffuse/specular separation cues, not PBR maps.",Gaussian rasterization with polarimetric supervision.,"RGB/polarization consistency, geometry/normal losses.",Paper-specific benchmarks,PSNR/SSIM/LPIPS and/or geometry metrics,Adds physical signal for reflective surfaces.,Requires polarization hardware/data.,Not RGB-only and not UV/PBR asset focused.,Local PDF; arXiv abstract.
PolGS++: Physically-Guided Polarimetric Gaussian Splatting for Fast Reflective Surface Reconstruction,2026,preprint / manuscript,local PDF,,Physically guided polarimetric reflective reconstruction.,Polarized multi-view images.,3DGS plus physical polarimetric model.,3DGS + polarization,Yes,Reflective partial,No,No,Surface/depth likely,No,No,No,No,Physically guided polarization constraints.,Polarization-derived normals.,Diffuse/specular cues.,Gaussian rasterization and polarization model.,"RGB, polarization, normal losses.",Paper-specific benchmarks,PSNR/SSIM/LPIPS and/or geometry metrics,Stronger physics than RGB-only.,Specialized capture.,Cannot address ordinary RGB capture and UV baking alone.,Local PDF abstract.
IRGS: Inter-Reflective Gaussian Splatting with 2D Gaussian Ray Tracing,2025,arXiv preprint,local PDF,,Inter-reflective GS with ray tracing.,Posed RGB inter-reflective scenes.,2D Gaussians with ray tracing.,2DGS + ray tracing,Yes,Partial,Yes if traced paths include local surfaces,Yes,Possibly via 2DGS,No,Material attributes maybe,Yes/limited,No,2DGS surface and traced reflection constraints.,2DGS normals.,Material-aware reflection decomposition.,2D Gaussian ray tracing plus rasterization.,"RGB, reflection/ray consistency, geometry losses.",Paper-specific benchmarks,PSNR/SSIM/LPIPS and/or geometry metrics,Directly targets inter-reflection.,Ray tracing cost/approximations.,UV/PBR baking and stable optimization remain open.,Local PDF abstract/Sec. 3.
Neural Point Catacaustics for Novel-View Synthesis of Reflections,2022,SIGGRAPH Asia / TOG,https://arxiv.org/abs/2301.01087,https://repo-sam.inria.fr/fungraph/neural_catacaustics/,NVS of curved reflections.,Multiview images and reflector annotation/assumptions.,Point cloud plus neural catacaustic/reflection flow.,Neural point / reflection field,Yes,Yes for curved reflectors,Yes,No full multi-bounce,No,No,No,No,Reflection editing/cloning,Catacaustic/reflection-flow constraints.,"Reflection geometry, not full normal maps.",None,Neural point rendering with reflection flow.,Photometric and flow consistency.,Paper-specific benchmarks,PSNR/SSIM/LPIPS and/or geometry metrics,Models reflection paths instead of baking colors.,Needs reflector annotation; not full material recovery.,No mesh/UV/PBR reconstruction.,Local PDF; project page.
MaterialRefGS: Reflective Gaussian Splatting with Multi-view Consistent Material Inference,2025,NeurIPS 2025 / preprint,https://yushen-liu.github.io/main/pdf/LiuYS_NeurIPS25_MaterialRefGS.pdf,,Reflective GS with multi-view material inference.,Posed RGB reflective scenes.,GS with material attributes.,GS + material,Yes,Glossy/mirror partial,Potentially,Limited,Not primary,No,PBR-related attributes,Yes,Yes,Multi-view material consistency.,Gaussian/surface normals.,Multi-view consistent material inference.,PBR-inspired GS rendering.,"RGB, material consistency, normal/geometry.",Paper-specific benchmarks,PSNR/SSIM/LPIPS and/or geometry metrics,Links reflective GS to material inference.,Publication details should be checked from final PDF.,No UV material baking and limited near-field inter-reflection.,Local PDF and linked PDF.
MILo: Mesh-In-the-Loop Gaussian Splatting for Detailed and Efficient Surface Reconstruction,2025,TOG / SIGGRAPH Asia preprint,https://arxiv.org/abs/2506.24096,,Differentiable mesh extraction during GS training.,Posed RGB.,3DGS plus per-iteration mesh.,3DGS + mesh,No,No,No,No,Yes,No,No,No,No,Bidirectional Gaussian-mesh consistency.,Mesh normals and Gaussian geometry.,None,Gaussian rendering with mesh consistency.,"RGB, Gaussian-mesh consistency, SDF/geometry.",Paper-specific benchmarks,PSNR/SSIM/LPIPS and/or geometry metrics,Produces lightweight complete meshes.,Complex differentiable connectivity.,No reflective material separation.,Local PDF; arXiv abstract.
PGSR: Planar-based Gaussian Splatting for Efficient and High-Fidelity Surface Reconstruction,2024,TVCG / arXiv,https://arxiv.org/abs/2406.06521,https://zju3dv.github.io/pgsr/,Planar GS for surface reconstruction.,Posed RGB; exposure variations.,Planar Gaussian splats.,Surface Gaussians,No,No,No,No,Yes,No,No,No,No,Single-view and multi-view geometric regularization.,Unbiased depth and normal maps.,None,Planar Gaussian rasterization.,"Photometric, geometry consistency, exposure compensation.",Paper-specific benchmarks,PSNR/SSIM/LPIPS and/or geometry metrics,Efficient high-fidelity surfaces.,Not material/reflection-aware.,Reflection radiance remains entangled with geometry.,Local PDF; project abstract.
Reflective Gaussian Splatting,2025,ICLR,https://arxiv.org/abs/2412.19282,,Reflective object reconstruction with inter-reflection.,Posed RGB reflective objects.,2DGS plus material-aware deferred PBR and inter-reflection.,2DGS + PBR + reflection,Yes,Reflective/mirror partial,Indirect near-field partial,Yes,Surface possible,No,Material attributes,Yes,Yes,2DGS/surface geometry and material constraints.,Surface/2DGS normals.,Pixel/material property inference.,Deferred PBR with split-sum and Gaussian-grounded inter-reflection.,"RGB, material, geometry, inter-reflection.",Paper-specific benchmarks,PSNR/SSIM/LPIPS and/or geometry metrics,Closest reflective GS route.,Approximate inter-reflection; depends on normals/materials.,Does not target mesh plus UV PBR texture baking as final asset.,Local PDF; arXiv abstract.
SOF: Sorted Opacity Fields for Fast Unbounded Surface Reconstruction,2025,TOG / preprint,local PDF,,Fast surface reconstruction from sorted opacity fields.,Optimized GS-like opacity field.,Sorted opacity field.,3DGS/opacity field/mesh,No,No,No,No,Yes,No,No,No,No,Opacity sorting and geometry regularization.,Opacity-field normals/depth.,None,Opacity-field rendering/extraction.,RGB reconstruction plus regularization,Paper-specific benchmarks,PSNR/SSIM/LPIPS and/or geometry metrics,Fast unbounded reconstruction.,Not inverse rendering/material-aware.,Reflective objects can induce wrong opacity surfaces.,Local PDF abstract.
SSD-GS: Scattering and Shadow Decomposition for Relightable 3D Gaussian Splatting,2025,ICLR / preprint,local PDF,,Relightable GS via scattering/shadow decomposition.,Posed RGB and lighting assumptions.,3DGS with scattering/shadow factors.,3DGS + relighting,Partial,No,No,Shadow/indirect effects,No,No,No,Yes,Maybe,Photometric multiview supervision,Not central or derived from geometry,Scattering and shadow decomposition.,Relightable Gaussian rendering.,"RGB, decomposition, relighting consistency.",Paper-specific benchmarks,PSNR/SSIM/LPIPS and/or geometry metrics,Addresses relighting factors.,See paper limitation/discussion where available,No mirror/near-field reflection or mesh/UV output.,Local PDF abstract.
SuGaR: Surface-Aligned Gaussian Splatting for Efficient 3D Mesh Reconstruction and High-Quality Mesh Rendering,2024,CVPR,https://openaccess.thecvf.com/content/CVPR2024/papers/Guedon_SuGaR_Surface-Aligned_Gaussian_Splatting_for_Efficient_3D_Mesh_Reconstruction_and_CVPR_2024_paper.pdf,https://anttwo.github.io/sugar/,Efficient mesh extraction from 3DGS.,Posed RGB or trained 3DGS.,Surface-aligned Gaussians and mesh.,3DGS + mesh,No,No,No,No,Yes,No,No,Limited by mesh-bound Gaussians,"Yes, geometric/animation editing",Surface-alignment regularization.,Shortest-axis/surface-aligned normals.,None,3DGS and mesh-bound rendering.,Photometric plus density/surface regularization.,"Mip-NeRF360, Tanks and Temples, DTU-like.",PSNR/SSIM/LPIPS and/or geometry metrics,Seminal GS-to-mesh route.,Mesh tied to Gaussian alignment.,Reflective color blobs can align to apparent reflected content.,Local PDF; CVPR Fig. 2-3.
SpecTRe-GS: Modeling Highly Specular Surfaces with Reflected Nearby Objects by Tracing Rays in 3D Gaussian Splatting,2026,arXiv preprint,local PDF,,Highly specular surfaces with reflected nearby objects.,Posed RGB with local reflected objects.,3DGS with traced reflection rays.,3DGS + ray tracing,Yes,Mirror-like/specular,Yes,Single-bounce likely,Geometry/depth likely,No,No,Maybe,No,Ray-traced reflection constraints.,Normals for reflection rays.,Reflection separation rather than UV PBR.,3DGS plus traced reflection rendering.,"RGB, reflection ray consistency, geometry losses.",Paper-specific benchmarks,PSNR/SSIM/LPIPS and/or geometry metrics,Directly targets near-field reflected objects.,Ray tracing cost and normal dependence.,No full UV/PBR asset or multi-bounce guarantee.,Local PDF title/abstract.
RefGaussian: Disentangling Reflections from 3D Gaussian Splatting for Realistic Rendering,2024,arXiv preprint,local PDF,,Disentangle reflections in 3DGS rendering.,Posed RGB reflective scenes.,3DGS with reflection separation branch.,3DGS,Yes,Partial,No explicit,No,No,No,No,No,No,Photometric multiview supervision,Not central or derived from geometry,Reflection-separated appearance.,3DGS rasterization with reflection branch.,RGB and disentanglement losses.,Paper-specific benchmarks,PSNR/SSIM/LPIPS and/or geometry metrics,Addresses reflection entanglement for rendering.,Preprint details need exact arXiv verification.,No mesh/UV/PBR output.,Local PDF.
Ref-GS: Directional Factorization for 2D Gaussian Splatting,2025,arXiv preprint,local PDF,,Directional factorization for 2DGS view dependence.,Posed RGB.,2DGS with directional appearance factorization.,2DGS,Yes appearance-level,Partial,No,No,Surface possible,No,No,No,No,Photometric multiview supervision,Not central or derived from geometry,Directional radiance factorization.,2DGS rasterization.,"RGB, directional, geometry losses.",Paper-specific benchmarks,PSNR/SSIM/LPIPS and/or geometry metrics,Improves view-dependent effects on surface splats.,See paper limitation/discussion where available,Directional appearance alone cannot infer PBR maps or near-field reflection.,Local PDF abstract.
MGSR: 2D/3D Mutual-boosted Gaussian Splatting for High-fidelity Surface Reconstruction under Various Light Conditions,2025,arXiv preprint,local PDF,,Surface reconstruction under varied lighting.,Posed RGB under light variation.,Mutual-boosted 2D and 3D Gaussians.,Hybrid 2DGS + 3DGS,"Lighting variation, not specular-specific",No,No,No,Yes,No,No,No,No,2D/3D mutual geometric constraints.,2DGS/surface normals.,None,Hybrid Gaussian rendering.,RGB and mutual geometry/normal regularizers.,Paper-specific benchmarks,PSNR/SSIM/LPIPS and/or geometry metrics,Combines 2D surface accuracy and 3D appearance.,See paper limitation/discussion where available,Reflective variation can still be mistaken for geometry/material.,Local PDF abstract.
3D Gaussian Splatting for Real-Time Radiance Field Rendering,2023,SIGGRAPH / TOG,https://repo-sam.inria.fr/fungraph/3d-gaussian-splatting/,https://github.com/graphdeco-inria/gaussian-splatting,Real-time radiance-field rendering.,Posed RGB and SfM points.,Anisotropic 3D Gaussians with SH color.,3DGS,Only view-dependent color,No,No,No,No,No,No,No,No,Photometric densification/pruning.,No explicit surface normals.,None,Tile-based differentiable Gaussian rasterization.,L1/SSIM photometric.,"Mip-NeRF360, Tanks and Temples, Deep Blending.",PSNR/SSIM/LPIPS and/or geometry metrics,Speed/quality baseline.,Not designed for accurate surface/material recovery.,Geometry and view-dependent appearance are entangled.,Original paper Sec. 3; project page.
Ref-NeRF: Structured View-Dependent Appearance for Neural Radiance Fields,2022,CVPR,https://openaccess.thecvf.com/content/CVPR2022/html/Verbin_Ref-NeRF_Structured_View-Dependent_Appearance_for_Neural_Radiance_Fields_CVPR_2022_paper.html,https://dorverbin.github.io/refnerf/,Glossy NeRF view synthesis.,Posed RGB.,NeRF with reflection-direction encoding.,Neural field,Yes,"Glossy, not mirror reconstruction",No,No,No,No,No,No,No,Volumetric photometric training.,Density-field normals with orientation regularization.,None,Volumetric rendering with reflected-direction parameterization.,Photometric and normal/orientation regularizers.,Shiny Blender and real captures.,PSNR/SSIM/LPIPS and/or geometry metrics,Reflection direction is an effective view-dependence coordinate.,NeRF is slow and not an asset/PBR output.,No mesh/UV/PBR final asset.,CVPR Sec. 3; Fig. 2.
NeRO: Neural Geometry and BRDF Reconstruction of Reflective Objects from Multiview Images,2023,SIGGRAPH / TOG,https://arxiv.org/abs/2305.17398,https://liuyuan-pal.github.io/NeRO/,Reflective object geometry and BRDF recovery.,Posed RGB object images.,Neural SDF with BRDF and environment light.,SDF / neural field,Yes,Reflective/mirror partial,Indirect lighting considered,Approximate,Yes via SDF,No,BRDF fields,Yes,Yes,SDF photometric/geometric constraints.,SDF gradients.,BRDF and environment recovery.,Split-sum approximation with direct/indirect light.,"Photometric, Eikonal, BRDF/light regularization.",Paper-specific benchmarks,PSNR/SSIM/LPIPS and/or geometry metrics,Strong non-GS reflective inverse-rendering baseline.,Two-stage/slower neural pipeline.,No fast GS or UV baking emphasis.,SIGGRAPH abstract; project pipeline.
GS-IR: 3D Gaussian Splatting for Inverse Rendering,2024,CVPR,https://arxiv.org/abs/2311.16473,https://github.com/lzhnb/GS-IR,3DGS inverse rendering and relighting.,Posed RGB.,"3DGS with normals, material, environment, baked occlusion.",3DGS + PBR,Yes,No mirror-specific,No,Approximate occlusion/indirect,No,No,PBR-like attributes,Yes,Yes,Depth-derived normal and occlusion regularization.,Depth-derived normals.,BRDF/material and environment estimation.,Forward splatting with PBR and baked occlusion.,"RGB, material smoothness, normal, illumination.","TensoIR Synthetic, Mip-NeRF360.",PSNR/SSIM/LPIPS and/or geometry metrics,Seminal GS inverse-rendering baseline.,Normals and occlusion are approximations.,Highly reflective geometry remains fragile because normals are not true surface normals.,CVPR abstract; Sec. 3.2-3.3.
GaussianShader: 3D Gaussian Splatting with Shading Functions for Reflective Surfaces,2024,CVPR,https://openaccess.thecvf.com/content/CVPR2024/html/Jiang_GaussianShader_3D_Gaussian_Splatting_with_Shading_Functions_for_Reflective_Surfaces_CVPR_2024_paper.html,https://github.com/Asparagus15/GaussianShader,Reflective-surface rendering in 3DGS.,Posed RGB.,3DGS with normals and simplified shading.,3DGS + shading,Yes,Glossy,No,No,No,No,No,No,No,Normal/geometry regularization.,Shortest-axis Gaussian normals.,"Simplified shading, not full PBR.",Gaussian rasterization plus shading function.,"RGB, normal consistency, shading losses.",Paper-specific benchmarks,PSNR/SSIM/LPIPS and/or geometry metrics,Explicit reflective 3DGS rendering.,No mesh/material output.,Rendering quality can improve while asset reconstruction remains unresolved.,CVPR abstract; Sec. 3.
Spec-Gaussian: Anisotropic View-Dependent Appearance for 3D Gaussian Splatting,2024,NeurIPS,https://arxiv.org/abs/2402.15870,,High-frequency anisotropic view-dependent appearance.,Posed RGB.,3DGS with anisotropic spherical Gaussian appearance.,3DGS,Yes appearance-level,Glossy,No,No,No,No,No,No,No,Photometric multiview supervision,Not central or derived from geometry,None; appearance field.,Gaussian rasterization with ASG appearance.,RGB and appearance regularizers.,Paper-specific benchmarks,PSNR/SSIM/LPIPS and/or geometry metrics,Captures specular appearance better than SH.,Appearance-focused.,Can hide geometry errors behind expressive view dependence.,arXiv abstract; NeurIPS paper.
MirrorGaussian: Reflecting 3D Gaussians for Reconstructing Mirror Reflections,2024,ECCV,https://arxiv.org/abs/2405.11921,https://mirror-gaussian.github.io,Mirror-scene reconstruction and editing.,Posed RGB with planar mirror.,Real-space and reflected virtual Gaussians.,3DGS + mirror transform,Yes,Yes planar,Yes via virtual objects,Single-bounce mirror,No,No,No,No,Yes,Mirror plane and dual-space constraints.,Mirror plane geometry.,None,Dual rendering of real and mirrored Gaussian spaces.,Photometric plus mirror consistency.,Paper-specific benchmarks,PSNR/SSIM/LPIPS and/or geometry metrics,Strong planar mirror treatment.,Assumes planar mirror symmetry.,Not for curved reflective object material maps.,ECCV abstract; project Fig. 2.
GS-ROR²: Bidirectional-guided 3DGS and SDF for Reflective Object Relighting and Reconstruction,2024,arXiv preprint,https://arxiv.org/abs/2406.18544,,Reflective object relighting and reconstruction.,Posed RGB reflective objects.,Coupled 3DGS and SDF.,Hybrid 3DGS + SDF,Yes,Reflective/glossy,Limited,No full multi-bounce,Yes via SDF,No,Material/relighting attributes,Yes,Potential,Bidirectional depth/normal guidance.,SDF and Gaussian normals supervise each other.,Deferred shading/material estimation.,Gaussian splatting plus SDF-aware deferred shading.,"RGB, depth/normal, SDF consistency, shading.",Paper-specific benchmarks,PSNR/SSIM/LPIPS and/or geometry metrics,Close reflective mesh+relighting route.,Extra SDF cost/complexity.,No UV/PBR texture-map export.,arXiv abstract.
NeRSP: Neural 3D Reconstruction for Reflective Objects with Sparse Polarized Images,2024,CVPR,https://arxiv.org/abs/2406.07111,,Sparse reflective reconstruction with polarization.,Sparse polarized images and poses.,Neural implicit surface plus polarization.,SDF / neural field + polarization,Yes,Reflective partial,No,No,Yes via implicit surface,No,No,No,No,Polarization image formation and multiview azimuth consistency.,Polarization-derived normals.,None,Neural surface rendering with polarization.,"Photometric, Eikonal, polarization/azimuth.",Paper-specific benchmarks,PSNR/SSIM/LPIPS and/or geometry metrics,Strong physical signal under sparse views.,Requires polarization capture.,Not RGB-only GS or UV baking.,CVPR abstract; Sec. 3.
GUS-IR: Gaussian Splatting with Unified Shading for Inverse Rendering,2024,arXiv preprint,https://arxiv.org/abs/2411.07478,,Unified shading for GS inverse rendering.,Posed RGB.,3DGS with unified forward/deferred shading.,3DGS + PBR,Yes,No mirror-specific,No,Approximate indirect/occlusion,No,No,PBR-like attributes,Yes,Yes,Normal and AO regularization.,Shortest-axis plus depth-regularized normals.,BRDF/material and illumination.,Unified shading and AO baking.,"RGB, material, normal, AO.",Paper-specific benchmarks,PSNR/SSIM/LPIPS and/or geometry metrics,Improves shading consistency.,Approximate indirect illumination.,No mesh/UV or near-field reflection model.,arXiv abstract.
Relightable 3D Gaussians: Realistic Point Cloud Relighting with BRDF Decomposition and Ray Tracing,2024,ECCV,https://eccv.ecva.net/virtual/2024/poster/2401,,Relightable Gaussian/point-cloud assets.,Posed images/point cloud.,"Gaussians/points with normals, BRDF, incident light.",3DGS / point PBR,Yes,No mirror-specific,Visibility/shadows,Secondary visibility,No,No,BRDF parameters,Yes,Yes,Normals and ray tracing visibility.,Estimated primitive normals.,BRDF decomposition.,Point-based PBR with BVH ray tracing.,"Photometric, BRDF, light, visibility.",Paper-specific benchmarks,PSNR/SSIM/LPIPS and/or geometry metrics,Ray tracing gives stronger visibility.,Visibility precompute/complexity.,Not UV mesh focused.,ECCV abstract/poster.
GIR: 3D Gaussian Inverse Rendering for Relightable Scene Factorization,2025,TPAMI,https://3dgir.github.io/,https://3dgir.github.io/,Relightable scene factorization.,Posed RGB.,3DGS with geometry/material/illumination.,3DGS + inverse rendering,Yes,No mirror-specific,No,Simulated indirect,No,No,Material attributes,Yes,Yes,Self-regularized normals and illumination.,Self-regularized normals.,Material/illumination estimation.,Gaussian inverse rendering with indirect approximation.,"RGB, normal/material/light regularizers.",Paper-specific benchmarks,PSNR/SSIM/LPIPS and/or geometry metrics,Mature relightable GS factorization.,Normals approximated.,No mesh/UV/PBR asset.,Project page.
SVG-IR: Spatially-Varying Gaussian Splatting for Inverse Rendering,2025,CVPR,https://openaccess.thecvf.com/content/CVPR2025/html/Sun_SVG-IR_Spatially-Varying_Gaussian_Splatting_for_Inverse_Rendering_CVPR_2025_paper.html,,Spatially varying GS inverse rendering.,Posed RGB.,Spatially varying Gaussian attributes.,3DGS + inverse rendering,Yes,No mirror-specific,No,Indirect lighting approximate,No,No,Spatially varying BRDF attributes,Yes,Yes,Physically based indirect lighting/material supervision.,Spatially varying normal/material per Gaussian.,BRDF parameter fields.,SVG splatting with PBR indirect lighting.,"RGB, material/normal smoothness, relighting.",Paper-specific benchmarks,PSNR/SSIM/LPIPS and/or geometry metrics,Fixes constant-per-Gaussian limitation.,Not UV-baked mesh asset.,Hard mirror/near-field reflections not targeted.,CVPR abstract.
TexGaussian: Generating High-quality PBR Material via Octree-based 3D Gaussian Splatting,2025,CVPR,https://3d-aigc.github.io/TexGaussian/,https://3d-aigc.github.io/TexGaussian/,Generate PBR material textures for meshes.,Input mesh and generative conditioning.,Octree-aligned 3DGS over mesh with UV baking.,Mesh + 3DGS texture generation,PBR specular output,No reconstruction,No,No,Input mesh,Yes,Yes,Yes through PBR,Yes,Mesh geometry given.,Mesh normals.,Albedo/roughness/metallic prediction and baking.,Multiview PBR rendering and texture baking.,PBR multiview and texture consistency.,Paper-specific benchmarks,PSNR/SSIM/LPIPS and/or geometry metrics,Important UV/PBR baking reference.,"Generation, not inverse capture.",Baking stage useful but reconstruction signal absent.,Project page.
NeRD: Neural Reflectance Decomposition from Image Collections,2021,ICCV,https://arxiv.org/abs/2012.03918,https://markboss.me/publication/2021-nerd/,Recover relightable textured mesh.,Image collections under varying illumination.,Neural reflectance volume convertible to mesh.,Neural field + mesh output,Yes,No mirror-specific,No,No,Yes,Textured mesh,BRDF/material maps,Yes,Yes,Multiview plus varying illumination constraints.,Learned geometry normals.,Neural BRDF decomposition.,Physically based rendering.,"Photometric, geometry, material, light.",Paper-specific benchmarks,PSNR/SSIM/LPIPS and/or geometry metrics,Asset-oriented inverse-rendering precedent.,Pre-3DGS and slower.,Useful output target but not fast reflective GS.,ICCV abstract.
PhySG: Inverse Rendering with Spherical Gaussians for Physics-based Material Editing and Relighting,2021,CVPR,https://kai-46.github.io/PhySG-website/,https://kai-46.github.io/PhySG-website/,Joint geometry/material/light recovery.,Posed RGB object images.,SDF with spherical-Gaussian BRDF/light.,SDF / neural field,Yes,Glossy not pure mirror,No,Approximate visibility,Yes via SDF,No,BRDF fields,Yes,Yes,SDF photometric/Eikonal.,SDF gradients.,SG BRDF and illumination.,Closed-form SG approximation to rendering equation.,"Photometric, Eikonal, material/light.",Paper-specific benchmarks,PSNR/SSIM/LPIPS and/or geometry metrics,Strong physical decomposition baseline.,Approximate SG lighting.,No GS speed or UV baking.,CVPR project/paper.
NeRFactor: Neural Factorization of Shape and Reflectance Under an Unknown Illumination,2021,SIGGRAPH Asia / TOG,https://arxiv.org/abs/2106.01970,https://xiuming.info/projects/nerfactor/,"Factor shape, reflectance, visibility, illumination.",Posed RGB under unknown illumination; pretrained NeRF.,Neural fields distilled from NeRF.,Neural field,Yes,No mirror-specific,No,Visibility only,"Possible, not primary",No,BRDF fields,Yes,Yes,Distilled geometry/visibility priors.,Density/surface normals.,"Albedo, BRDF, environment with priors.",Visibility-aware rendering equation.,"Photometric, BRDF prior, smoothness.",Paper-specific benchmarks,PSNR/SSIM/LPIPS and/or geometry metrics,Classic prior-driven inverse rendering.,Underconstrained and prior-dependent.,No GS or mesh/UV asset pipeline.,TOG abstract.
TensoIR: Tensorial Inverse Rendering,2023,CVPR,https://arxiv.org/abs/2304.12461,https://haian-jin.github.io/TensoIR/,Efficient neural inverse rendering with secondary effects.,Posed RGB.,Tensor-factorized neural field.,Neural field,Yes,No mirror-specific,No,Secondary effects approximate,Possible,No,BRDF fields,Yes,Yes,Volumetric/surface constraints.,Geometry-field normals.,Reflectance and illumination tensors.,Physically based rendering with secondary effects.,"Photometric, material, light, geometry.",Paper-specific benchmarks,PSNR/SSIM/LPIPS and/or geometry metrics,Efficient neural inverse rendering baseline.,Not mesh/UV-native.,Not target asset format or mirror-focused.,CVPR abstract.
"nvdiffrec: Extracting Triangular 3D Models, Materials, and Lighting From Images",2022,CVPR oral,https://nvlabs.github.io/nvdiffrec/,https://github.com/NVlabs/nvdiffrec,Extract graphics-ready mesh/material/light.,"Posed images, masks, object-centric capture.",Triangle mesh with PBR textures.,Mesh + PBR,Yes,Moderate specular,No,No,Yes,Yes,Yes,Yes,Yes,Differentiable rasterization and masks.,Mesh normals.,SVBRDF/PBR texture optimization.,Rasterized PBR with split-sum environment lighting.,"Photometric, mask, regularization.",Paper-specific benchmarks,PSNR/SSIM/LPIPS and/or geometry metrics,Strong target-output precedent.,Needs good masks/capture; reflective ambiguity remains.,Hard reflective surfaces need additional reflection constraints.,CVPR project.
Stanford-ORB: A Real-World 3D Object Inverse Rendering Benchmark,2023,NeurIPS Datasets and Benchmarks,https://stanfordorb.github.io/,https://stanfordorb.github.io/,Benchmark inverse rendering and relighting.,Captured HDR object dataset.,"Dataset with images, meshes, lights.",Dataset,Contains specular materials,Some shiny objects,Captured light-box/HDR,Physical but not isolated,Provides meshes,Reference assets,Reference materials,Evaluation,No method,Ground truth capture.,GT/reference normals and meshes.,Benchmark references.,Evaluation renderer.,N/A,"14 objects, HDR images, HDR env maps.","Depth, normal, shape, PSNR-H/L, SSIM, LPIPS.",Real benchmark for material/relighting.,Limited object count.,May not stress near-field mirror objects enough.,Project page counts/metrics.
OpenIllumination: A Multi-Illumination Dataset for Inverse Rendering Evaluation on Real Objects,2023,NeurIPS Datasets and Benchmarks,https://openreview.net/forum?id=pRnrg2bWr0,https://oppo-us-research.github.io/OpenIllumination/,Controlled multi-view multi-light benchmark.,64 real objects with many views/lights.,Dataset.,Dataset,Includes varied materials,Some glossy/specular,Controlled lighting,Physical but not isolated,Provides cameras/masks/lights,No method,Evaluation references,Evaluation,No method,GT cameras/lights/masks.,N/A.,Benchmark setting.,Benchmark rendering/evaluation.,N/A,"108K+ images, 64 objects, 72 views, many illuminations.",Relighting/material/geometry metrics.,Strong controlled evaluation source.,Controlled rig.,Not uncontrolled near-field mirror setting.,OpenReview abstract.
RAGS: Roughness-Aware Gaussian Splatting for Reflective Objects Surface Reconstruction,2026,Knowledge-Based Systems,https://www.sciencedirect.com/science/article/pii/S0950705126005812,,Reflective object reconstruction with roughness-aware BRDF.,Posed RGB reflective objects.,3DGS with Ward BRDF and roughness.,3DGS + BRDF,Yes,Glossy partial,No explicit,No,Surface likely,No,Roughness/material attributes,Potential,Potential,Physically based geometry optimization.,Gaussian/surface normals.,Ward BRDF roughness prediction.,Differentiable rendering equation.,"RGB, roughness/material, geometry.",Paper-specific benchmarks,PSNR/SSIM/LPIPS and/or geometry metrics,Recent explicit roughness-aware reflective GS.,Full details require paper access.,Near-field/inter-reflection and UV baking not central.,ScienceDirect abstract snippet.
GIP-GS: Glossy Image Prior-guided Gaussian Splatting for Reflective Surface Reconstruction,2026,Neural Networks,https://www.sciencedirect.com/science/article/pii/S0893608026001152,,Decouple geometry and appearance for glossy surfaces.,Posed RGB; glossy-image prior.,Two-stage PGSR-derived GS.,3DGS/planar GS + prior,Yes,Glossy,No explicit,No,Yes,No,No,No,No,Glossy image prior and staged geometry/appearance separation.,Geometry prior normals/depth.,"Appearance decoupling, not PBR maps.",Gaussian rasterization.,RGB and prior-guided geometry/appearance.,Paper-specific benchmarks,PSNR/SSIM/LPIPS and/or geometry metrics,Directly attacks entanglement.,Full details require paper access.,No PBR UV asset; priors can fail on unusual reflections.,ScienceDirect abstract snippet.
RTR-GS: 3D Gaussian Splatting for Inverse Rendering with Radiance Transfer and Reflection,2025,ACM Multimedia,https://arxiv.org/abs/2507.07733,https://fanglue.github.io/papers/RTR_GS_MM.pdf,Radiance-transfer and reflection-aware GS inverse rendering.,Posed RGB.,"3DGS with radiance transfer, BRDF, lighting.",3DGS + inverse rendering,Yes,No mirror-specific,Unclear,Secondary effects via radiance transfer,No,No,BRDF attributes,Yes,Yes,Radiance-transfer constraints.,Regularized Gaussian normals.,BRDF and lighting decomposition.,Rasterization/ray-tracing hybrid radiance transfer.,"RGB, BRDF/light/radiance-transfer.",Paper-specific benchmarks,PSNR/SSIM/LPIPS and/or geometry metrics,Stronger light transport than split-sum only.,Not UV mesh-focused.,Near-field mirror geometry remains open.,arXiv abstract; ACM MM PDF.
Ref-DGS: Reflective Dual Gaussian Splatting,2026,arXiv preprint,https://arxiv.org/abs/2603.07664,project linked from arXiv,Efficient near-field reflective rendering.,Posed RGB reflective scenes.,Geometry Gaussians plus local reflection Gaussians.,Dual 3DGS,Yes,Reflective/glossy,Yes,No full multi-bounce,Surface reconstruction supported,No,No,No,No,Decoupled surface/reflection representations.,Geometry normals for reflection direction.,"Adaptive mixing shader, not PBR maps.",Rasterized dual GS with local/global reflection mixing.,"RGB, reflection mixing, geometry.",Paper-specific benchmarks,PSNR/SSIM/LPIPS and/or geometry metrics,Near-field reflection without expensive ray tracing.,Preprint; approximation depends on mixing.,No UV/PBR mesh asset or inter-reflection.,arXiv abstract.
RT-GS: Gaussian Splatting with Reflection and Transmittance Primitives,2026,arXiv preprint,https://arxiv.org/abs/2604.00509,,Joint reflection and transmittance effects.,Posed RGB with reflective/transparent effects.,Separate reflection/transmittance primitives with ray tracing.,3DGS + ray tracing + material,Yes,Specular partial,Ray-traced,Partial paths,Geometry possible,No,Microfacet attributes,Potential,Potential,Ray-traced primitive constraints.,Surface normals for microfacet reflection.,Microfacet material model.,Ray tracing plus Gaussian primitives.,"RGB, primitive separation, material/geometry.",Paper-specific benchmarks,PSNR/SSIM/LPIPS and/or geometry metrics,Explicit reflective and transparent transport.,Higher cost and broader scope.,UV mesh/material baking absent.,arXiv abstract.
MSGS: Multi-space Gaussian Splatting for Mirror Reflections,2026,Computers and Graphics,https://www.sciencedirect.com/science/article/abs/pii/S0097849326000555,,Mirror reflection view inconsistency in GS.,Posed RGB mirror scenes.,Multi-space GS with anisotropic features.,3DGS + mirror/multi-space,Yes,Yes,Mirror virtual objects,Single-bounce mirror,No,No,No,No,Maybe,Mirror-space consistency.,Mirror plane/space geometry.,None,Multi-space Gaussian rendering.,Photometric and multi-space consistency.,Paper-specific benchmarks,PSNR/SSIM/LPIPS and/or geometry metrics,Addresses virtual-object inconsistency.,Mirror-scene assumptions.,Not curved reflective object material mapping.,ScienceDirect abstract snippet.
2D-SuGaR: 2D Gaussian Splatting for Surface-Aligned Mesh Extraction,2025,arXiv / project,https://arxiv.org/search/?query=2D-SuGaR,,Mesh extraction with 2DGS/SuGaR ideas.,Posed RGB/trained GS.,2D surface splats plus mesh extraction.,2DGS + mesh,No,No,No,No,Yes,No,No,No,No,Surface alignment/depth fusion.,2D disk/mesh normals.,None,2DGS rendering and mesh extraction.,"RGB, depth/normal, alignment.",Paper-specific benchmarks,PSNR/SSIM/LPIPS and/or geometry metrics,Natural 2DGS mesh-extraction route.,Exact paper details need verification.,Reflective material and UV/PBR outputs not addressed.,Web search follow-up; lower-confidence adjacent work.
Quadratic Gaussian Splatting: High Quality Surface Reconstruction with Second-order Geometric Prior,2025,ICCV,https://openaccess.thecvf.com/content/ICCV2025/papers/Zhang_Quadratic_Gaussian_Splatting_High_Quality_Surface_Reconstruction_with_Second-order_Geometric_ICCV_2025_paper.pdf,,High-quality surface reconstruction with curvature prior.,Posed RGB.,Quadratic Gaussian local surface model.,Surface Gaussians / second-order geometry,No,No,No,No,Yes,No,No,No,No,Second-order geometry prior.,Quadratic surface normals.,None,Gaussian rendering with local quadratic surface model.,RGB and second-order geometry losses.,Paper-specific benchmarks,PSNR/SSIM/LPIPS and/or geometry metrics,Improves local curvature beyond planar splats.,Not material/reflection-aware.,Specular highlights remain unmodeled.,ICCV 2025 CVF PDF.
